Date,Quantity,src_country,dst_country
2018-01-01,623826664,Thailand,United Arab Emirates
2018-01-01,45719357,Thailand,Armenia
2018-01-01,190610373,Thailand,Angola
2018-01-01,25972070,Thailand,Australia
2018-01-01,34905800,Thailand,Bangladesh
2018-01-01,19704569,Thailand,Belgium
2018-01-01,7247955,Thailand,Benin
2018-01-01,439542,Thailand,Canada
2018-01-01,223000,Thailand,Switzerland
2018-01-01,1450000,Thailand,China
2018-01-01,60288,Thailand,Colombia
2018-01-01,254488,Thailand,Germany
2018-01-01,5117392,Thailand,Fiji
2018-01-01,3166200,Thailand,France
2018-01-01,247539,Thailand,United Kingdom
2018-01-01,1094410,Thailand,Guadeloupe
2018-01-01,634322,Thailand,Hong Kong
2018-01-01,2417051,Thailand,Indonesia
2018-01-01,362401,Thailand,Lao People's Democratic Republic
2018-01-01,2843402,Thailand,Mauritania
2018-01-01,23000,Thailand,Malaysia
2018-01-01,24024,Thailand,Netherlands
2018-01-01,1440000,Thailand,Papua New Guinea
2018-01-01,1500000,Thailand,Russian Federation
2018-01-01,49800,Thailand,Singapore
2018-01-01,260000,Thailand,Sierra Leone
2018-01-01,518810,Thailand,United States
2018-01-01,513030,Thailand,Viet Nam
2018-01-01,1430000,Thailand,Yemen
2018-02-01,613060229,Thailand,United Arab Emirates
2018-02-01,11490735,Thailand,Armenia
2018-02-01,212075408,Thailand,Angola
2018-02-01,48851979,Thailand,Australia
2018-02-01,7533500,Thailand,Bangladesh
2018-02-01,20886318,Thailand,Belgium
2018-02-01,7724544,Thailand,Benin
2018-02-01,1027279,Thailand,Canada
2018-02-01,18104003,Thailand,Congo
2018-02-01,312200,Thailand,Switzerland
2018-02-01,1100000,Thailand,China
2018-02-01,133700,Thailand,Germany
2018-02-01,1280000,Thailand,Spain
2018-02-01,556000,Thailand,Fiji
2018-02-01,3528778,Thailand,France
2018-02-01,52000,Thailand,United Kingdom
2018-02-01,10046,Thailand,Hong Kong
2018-02-01,601045,Thailand,Indonesia
2018-02-01,15,Thailand,Iceland
2018-02-01,24686,Thailand,Lao People's Democratic Republic
2018-02-01,46000,Thailand,Malaysia
2018-02-01,0,Thailand,Netherlands
2018-02-01,23000,Thailand,New Zealand
2018-02-01,1044000,Thailand,Papua New Guinea
2018-02-01,2497000,Thailand,Russian Federation
2018-02-01,22000,Thailand,Singapore
2018-02-01,75000,Thailand,Ukraine
2018-02-01,637500,Thailand,United States
2018-02-01,277677,Thailand,Viet Nam
2018-02-01,52000,Thailand,South Africa
2018-03-01,549228041,Thailand,United Arab Emirates
2018-03-01,180099308,Thailand,Angola
2018-03-01,78139141,Thailand,Australia
2018-03-01,8781094,Thailand,Bangladesh
2018-03-01,25102549,Thailand,Belgium
2018-03-01,19548187,Thailand,Benin
2018-03-01,1367280,Thailand,Canada
2018-03-01,88810,Thailand,Switzerland
2018-03-01,6292980,Thailand,Cameroon
2018-03-01,3678300,Thailand,China
2018-03-01,104014,Thailand,Germany
2018-03-01,1665000,Thailand,Spain
2018-03-01,1836255,Thailand,Fiji
2018-03-01,0,Thailand,France
2018-03-01,39269,Thailand,Hong Kong
2018-03-01,685280,Thailand,Indonesia
2018-03-01,118292,Thailand,Lao People's Democratic Republic
2018-03-01,260000,Thailand,New Zealand
2018-03-01,1986000,Thailand,Papua New Guinea
2018-03-01,3060000,Thailand,Russian Federation
2018-03-01,504,Thailand,Sweden
2018-03-01,10002,Thailand,Singapore
2018-03-01,975,Thailand,Ukraine
2018-03-01,319979,Thailand,United States
2018-03-01,144550,Thailand,Viet Nam
2018-03-01,0,Thailand,South Africa
2018-04-01,615223027,Thailand,United Arab Emirates
2018-04-01,155867887,Thailand,Angola
2018-04-01,50448270,Thailand,Australia
2018-04-01,208000,Thailand,Bangladesh
2018-04-01,15219767,Thailand,Belgium
2018-04-01,55694949,Thailand,Benin
2018-04-01,768017,Thailand,Canada
2018-04-01,267910,Thailand,Switzerland
2018-04-01,4361900,Thailand,Cameroon
2018-04-01,2076993,Thailand,China
2018-04-01,2,Thailand,Germany
2018-04-01,1540000,Thailand,Spain
2018-04-01,1144900,Thailand,Fiji
2018-04-01,3,Thailand,France
2018-04-01,18490,Thailand,United Kingdom
2018-04-01,105639,Thailand,Hong Kong
2018-04-01,485105,Thailand,Indonesia
2018-04-01,12900,Thailand,Lao People's Democratic Republic
2018-04-01,3000,Thailand,Malaysia
2018-04-01,0,Thailand,New Zealand
2018-04-01,1501976,Thailand,Papua New Guinea
2018-04-01,2496000,Thailand,Russian Federation
2018-04-01,0,Thailand,Sweden
2018-04-01,29636,Thailand,Singapore
2018-04-01,105085,Thailand,United States
2018-04-01,156310,Thailand,Viet Nam
2018-04-01,0,Thailand,South Africa
2018-05-01,640461928,Thailand,United Arab Emirates
2018-05-01,57368548,Thailand,Angola
2018-05-01,33416103,Thailand,Australia
2018-05-01,338805,Thailand,Bangladesh
2018-05-01,21964768,Thailand,Belgium
2018-05-01,3172786,Thailand,Benin
2018-05-01,1717713,Thailand,Canada
2018-05-01,88820,Thailand,Switzerland
2018-05-01,1020544,Thailand,Côte d'Ivoire
2018-05-01,7860450,Thailand,Cameroon
2018-05-01,2901800,Thailand,China
2018-05-01,40,Thailand,Germany
2018-05-01,1560000,Thailand,Spain
2018-05-01,1029400,Thailand,Fiji
2018-05-01,0,Thailand,France
2018-05-01,49200,Thailand,United Kingdom
2018-05-01,5022,Thailand,Hong Kong
2018-05-01,626020,Thailand,Indonesia
2018-05-01,0,Thailand,Lao People's Democratic Republic
2018-05-01,0,Thailand,Malaysia
2018-05-01,38000,Thailand,New Zealand
2018-05-01,2171000,Thailand,Papua New Guinea
2018-05-01,50000,Thailand,Russian Federation
2018-05-01,0,Thailand,Sweden
2018-05-01,134272,Thailand,Singapore
2018-05-01,50366,Thailand,United States
2018-05-01,258720,Thailand,Viet Nam
2018-05-01,52000,Thailand,South Africa
2018-06-01,630748049,Thailand,United Arab Emirates
2018-06-01,3570000,Thailand,Albania
2018-06-01,136186280,Thailand,Angola
2018-06-01,1255460,Thailand,Austria
2018-06-01,19507056,Thailand,Australia
2018-06-01,4153000,Thailand,Bangladesh
2018-06-01,28524591,Thailand,Belgium
2018-06-01,94359296,Thailand,Benin
2018-06-01,907191,Thailand,Canada
2018-06-01,0,Thailand,Switzerland
2018-06-01,0,Thailand,Côte d'Ivoire
2018-06-01,3364150,Thailand,Cameroon
2018-06-01,367300,Thailand,China
2018-06-01,68,Thailand,Germany
2018-06-01,1810000,Thailand,Spain
2018-06-01,0,Thailand,France
2018-06-01,37620,Thailand,United Kingdom
2018-06-01,8728,Thailand,Hong Kong
2018-06-01,793065,Thailand,Indonesia
2018-06-01,32000,Thailand,Israel
2018-06-01,103565,Thailand,Lao People's Democratic Republic
2018-06-01,0,Thailand,Malaysia
2018-06-01,0,Thailand,New Zealand
2018-06-01,1767976,Thailand,Papua New Guinea
2018-06-01,0,Thailand,Russian Federation
2018-06-01,0,Thailand,Sweden
2018-06-01,0,Thailand,Singapore
2018-06-01,67155,Thailand,United States
2018-06-01,209720,Thailand,Viet Nam
2018-06-01,0,Thailand,South Africa
2018-07-01,610304375,Thailand,United Arab Emirates
2018-07-01,767013,Thailand,Albania
2018-07-01,85261224,Thailand,Angola
2018-07-01,828754,Thailand,Austria
2018-07-01,20087585,Thailand,Australia
2018-07-01,1075450,Thailand,Bangladesh
2018-07-01,18901700,Thailand,Belgium
2018-07-01,95284089,Thailand,Benin
2018-07-01,1193643,Thailand,Canada
2018-07-01,0,Thailand,Switzerland
2018-07-01,5200,Thailand,Côte d'Ivoire
2018-07-01,7000,Thailand,Cameroon
2018-07-01,252393,Thailand,China
2018-07-01,59,Thailand,Germany
2018-07-01,750000,Thailand,Spain
2018-07-01,0,Thailand,France
2018-07-01,42600,Thailand,United Kingdom
2018-07-01,29430,Thailand,Hong Kong
2018-07-01,675670,Thailand,Indonesia
2018-07-01,0,Thailand,Israel
2018-07-01,149870,Thailand,Lao People's Democratic Republic
2018-07-01,0,Thailand,Malaysia
2018-07-01,0,Thailand,New Zealand
2018-07-01,2132952,Thailand,Papua New Guinea
2018-07-01,0,Thailand,Russian Federation
2018-07-01,0,Thailand,Sweden
2018-07-01,0,Thailand,Singapore
2018-07-01,67155,Thailand,United States
2018-07-01,367990,Thailand,Viet Nam
2018-07-01,0,Thailand,South Africa
2018-08-01,711829180,Thailand,United Arab Emirates
2018-08-01,780000,Thailand,Albania
2018-08-01,98273388,Thailand,Angola
2018-08-01,1209675,Thailand,Austria
2018-08-01,7202912,Thailand,Australia
2018-08-01,1222000,Thailand,Bangladesh
2018-08-01,34483384,Thailand,Belgium
2018-08-01,139564948,Thailand,Benin
2018-08-01,301057,Thailand,Canada
2018-08-01,1600,Thailand,Switzerland
2018-08-01,0,Thailand,Côte d'Ivoire
2018-08-01,62230,Thailand,Cameroon
2018-08-01,76993,Thailand,China
2018-08-01,44081,Thailand,Germany
2018-08-01,795000,Thailand,Spain
2018-08-01,13600,Thailand,France
2018-08-01,50250,Thailand,United Kingdom
2018-08-01,121231,Thailand,Hong Kong
2018-08-01,840735,Thailand,Indonesia
2018-08-01,9962386,Thailand,Israel
2018-08-01,203025,Thailand,Lao People's Democratic Republic
2018-08-01,0,Thailand,Malaysia
2018-08-01,0,Thailand,New Zealand
2018-08-01,1524590,Thailand,Papua New Guinea
2018-08-01,3099000,Thailand,Russian Federation
2018-08-01,0,Thailand,Sweden
2018-08-01,0,Thailand,Singapore
2018-08-01,33578,Thailand,United States
2018-08-01,370930,Thailand,Viet Nam
2018-08-01,0,Thailand,South Africa
2018-09-01,691273154,Thailand,United Arab Emirates
2018-09-01,1014000,Thailand,Albania
2018-09-01,172616344,Thailand,Angola
2018-09-01,1192264,Thailand,Austria
2018-09-01,2635214,Thailand,Australia
2018-09-01,5225250,Thailand,Bangladesh
2018-09-01,34124138,Thailand,Belgium
2018-09-01,58941600,Thailand,Benin
2018-09-01,3993648,Thailand,Canada
2018-09-01,22300,Thailand,Switzerland
2018-09-01,10800,Thailand,Côte d'Ivoire
2018-09-01,4000,Thailand,Cameroon
2018-09-01,655025,Thailand,China
2018-09-01,43,Thailand,Germany
2018-09-01,0,Thailand,Spain
2018-09-01,3300,Thailand,France
2018-09-01,50730,Thailand,United Kingdom
2018-09-01,6032,Thailand,Hong Kong
2018-09-01,110000,Thailand,Indonesia
2018-09-01,181305,Thailand,Lao People's Democratic Republic
2018-09-01,0,Thailand,Malaysia
2018-09-01,9486000,Thailand,Mozambique
2018-09-01,0,Thailand,New Zealand
2018-09-01,1922976,Thailand,Papua New Guinea
2018-09-01,0,Thailand,Sweden
2018-09-01,0,Thailand,Singapore
2018-09-01,33578,Thailand,United States
2018-09-01,336630,Thailand,Viet Nam
2018-09-01,0,Thailand,South Africa
2018-10-01,666652062,Thailand,United Arab Emirates
2018-10-01,1467000,Thailand,Albania
2018-10-01,158614200,Thailand,Angola
2018-10-01,1078874,Thailand,Austria
2018-10-01,2851014,Thailand,Australia
2018-10-01,1768000,Thailand,Bangladesh
2018-10-01,28812927,Thailand,Belgium
2018-10-01,70125499,Thailand,Benin
2018-10-01,155323,Thailand,Canada
2018-10-01,160000,Thailand,Congo
2018-10-01,0,Thailand,Switzerland
2018-10-01,2500000,Thailand,Côte d'Ivoire
2018-10-01,78050,Thailand,Cameroon
2018-10-01,1120295,Thailand,China
2018-10-01,46,Thailand,Germany
2018-10-01,750000,Thailand,Spain
2018-10-01,0,Thailand,France
2018-10-01,10000,Thailand,United Kingdom
2018-10-01,35854,Thailand,Hong Kong
2018-10-01,0,Thailand,Lao People's Democratic Republic
2018-10-01,0,Thailand,Mozambique
2018-10-01,773000,Thailand,New Zealand
2018-10-01,1144000,Thailand,Papua New Guinea
2018-10-01,0,Thailand,Sweden
2018-10-01,0,Thailand,Singapore
2018-10-01,0,Thailand,United States
2018-10-01,129460,Thailand,Viet Nam
2018-10-01,0,Thailand,South Africa
2018-11-01,780088893,Thailand,United Arab Emirates
2018-11-01,17229,Thailand,Albania
2018-11-01,157906319,Thailand,Angola
2018-11-01,619924,Thailand,Austria
2018-11-01,3729011,Thailand,Australia
2018-11-01,610900,Thailand,Bangladesh
2018-11-01,21369504,Thailand,Belgium
2018-11-01,59408851,Thailand,Benin
2018-11-01,61342,Thailand,Canada
2018-11-01,1517430,Thailand,Congo
2018-11-01,0,Thailand,Switzerland
2018-11-01,0,Thailand,Côte d'Ivoire
2018-11-01,216230,Thailand,Cameroon
2018-11-01,555093,Thailand,China
2018-11-01,18,Thailand,Germany
2018-11-01,0,Thailand,Spain
2018-11-01,0,Thailand,France
2018-11-01,53494,Thailand,United Kingdom
2018-11-01,6510,Thailand,Hong Kong
2018-11-01,697070,Thailand,Lao People's Democratic Republic
2018-11-01,150000,Thailand,Mozambique
2018-11-01,0,Thailand,New Zealand
2018-11-01,805976,Thailand,Papua New Guinea
2018-11-01,0,Thailand,Sweden
2018-11-01,0,Thailand,Singapore
2018-11-01,0,Thailand,United States
2018-11-01,0,Thailand,South Africa
2018-12-01,739123157,Thailand,United Arab Emirates
2018-12-01,250000,Thailand,Albania
2018-12-01,120576791,Thailand,Angola
2018-12-01,1454466,Thailand,Austria
2018-12-01,3195414,Thailand,Australia
2018-12-01,500000,Thailand,Bangladesh
2018-12-01,17919845,Thailand,Belgium
2018-12-01,126964053,Thailand,Benin
2018-12-01,81367,Thailand,Canada
2018-12-01,3880,Thailand,Congo
2018-12-01,1300,Thailand,Switzerland
2018-12-01,0,Thailand,Côte d'Ivoire
2018-12-01,31000,Thailand,Cameroon
2018-12-01,494500,Thailand,China
2018-12-01,61,Thailand,Germany
2018-12-01,0,Thailand,Spain
2018-12-01,0,Thailand,France
2018-12-01,48230,Thailand,United Kingdom
2018-12-01,111348,Thailand,Hong Kong
2018-12-01,886170,Thailand,Lao People's Democratic Republic
2018-12-01,0,Thailand,Mozambique
2018-12-01,0,Thailand,New Zealand
2018-12-01,875000,Thailand,Papua New Guinea
2018-12-01,0,Thailand,Sweden
2018-12-01,0,Thailand,Singapore
2018-12-01,37954,Thailand,United States
2018-12-01,0,Thailand,South Africa
2019-01-01,587886456,Thailand,United Arab Emirates
2019-01-01,2045,Thailand,Angola
2019-01-01,51791642,Thailand,Australia
2019-01-01,81350009,Thailand,Bangladesh
2019-01-01,13158259,Thailand,Belgium
2019-01-01,66991279,Thailand,Benin
2019-01-01,5462660,Thailand,Canada
2019-01-01,2183706,Thailand,Switzerland
2019-01-01,1177035,Thailand,Côte d'Ivoire
2019-01-01,54,Thailand,Germany
2019-01-01,42526,Thailand,Denmark
2019-01-01,480,Thailand,Spain
2019-01-01,2792243,Thailand,France
2019-01-01,120272652,Thailand,Gabon
2019-01-01,55973,Thailand,United Kingdom
2019-01-01,343117,Thailand,Equatorial Guinea
2019-01-01,369280,Thailand,Hong Kong
2019-01-01,933515,Thailand,Lao People's Democratic Republic
2019-01-01,60000,Thailand,Myanmar
2019-01-01,1330000,Thailand,Papua New Guinea
2019-01-01,14885474,Thailand,Philippines
2019-01-01,100000,Thailand,Russian Federation
2019-01-01,24000,Thailand,Singapore
2019-01-01,162621,Thailand,United States
2019-01-01,375400,Thailand,Viet Nam
2019-02-01,474553568,Thailand,United Arab Emirates
2019-02-01,62435,Thailand,Angola
2019-02-01,35027265,Thailand,Austria
2019-02-01,33550145,Thailand,Australia
2019-02-01,80446592,Thailand,Bangladesh
2019-02-01,11056110,Thailand,Belgium
2019-02-01,23281467,Thailand,Benin
2019-02-01,496010,Thailand,Canada
2019-02-01,431188,Thailand,Switzerland
2019-02-01,2351131,Thailand,Côte d'Ivoire
2019-02-01,6829175,Thailand,Cameroon
2019-02-01,310247,Thailand,China
2019-02-01,22,Thailand,Germany
2019-02-01,0,Thailand,Spain
2019-02-01,4224,Thailand,France
2019-02-01,14838928,Thailand,Gabon
2019-02-01,319150,Thailand,United Kingdom
2019-02-01,117289,Thailand,Hong Kong
2019-02-01,370740,Thailand,Lao People's Democratic Republic
2019-02-01,120000,Thailand,Myanmar
2019-02-01,10,Thailand,Maldives
2019-02-01,2424760,Thailand,Mozambique
2019-02-01,1060,Thailand,Netherlands
2019-02-01,23000,Thailand,New Zealand
2019-02-01,806000,Thailand,Papua New Guinea
2019-02-01,0,Thailand,Russian Federation
2019-02-01,22600,Thailand,Singapore
2019-02-01,32000,Thailand,United States
2019-02-01,97020,Thailand,Viet Nam
2019-03-01,578172226,Thailand,United Arab Emirates
2019-03-01,628428,Thailand,Angola
2019-03-01,30725225,Thailand,Austria
2019-03-01,32566129,Thailand,Australia
2019-03-01,93729232,Thailand,Bangladesh
2019-03-01,13376593,Thailand,Belgium
2019-03-01,5915560,Thailand,Benin
2019-03-01,778246,Thailand,Canada
2019-03-01,366274,Thailand,Switzerland
2019-03-01,25940,Thailand,Côte d'Ivoire
2019-03-01,7004788,Thailand,Cameroon
2019-03-01,393123,Thailand,China
2019-03-01,697381,Thailand,Germany
2019-03-01,125000,Thailand,Spain
2019-03-01,67929,Thailand,France
2019-03-01,57250,Thailand,United Kingdom
2019-03-01,512008,Thailand,Hong Kong
2019-03-01,386645,Thailand,Lao People's Democratic Republic
2019-03-01,0,Thailand,Myanmar
2019-03-01,0,Thailand,Maldives
2019-03-01,3254139,Thailand,Mozambique
2019-03-01,0,Thailand,Netherlands
2019-03-01,0,Thailand,New Zealand
2019-03-01,911976,Thailand,Papua New Guinea
2019-03-01,0,Thailand,Russian Federation
2019-03-01,31960,Thailand,Singapore
2019-03-01,0,Thailand,United States
2019-03-01,142700,Thailand,Viet Nam
2019-04-01,526595314,Thailand,United Arab Emirates
2019-04-01,82133554,Thailand,Angola
2019-04-01,12869482,Thailand,Austria
2019-04-01,53135580,Thailand,Australia
2019-04-01,12219171,Thailand,Belgium
2019-04-01,4636200,Thailand,Benin
2019-04-01,1459852,Thailand,Canada
2019-04-01,766614,Thailand,Switzerland
2019-04-01,2225790,Thailand,Côte d'Ivoire
2019-04-01,4511640,Thailand,Cameroon
2019-04-01,369696,Thailand,Germany
2019-04-01,0,Thailand,Spain
2019-04-01,4800,Thailand,France
2019-04-01,308603,Thailand,United Kingdom
2019-04-01,183728,Thailand,Ghana
2019-04-01,10000,Thailand,Hong Kong
2019-04-01,247010,Thailand,Lao People's Democratic Republic
2019-04-01,0,Thailand,Myanmar
2019-04-01,0,Thailand,Maldives
2019-04-01,0,Thailand,Netherlands
2019-04-01,0,Thailand,New Zealand
2019-04-01,838000,Thailand,Papua New Guinea
2019-04-01,350000,Thailand,Russian Federation
2019-04-01,32600,Thailand,Singapore
2019-04-01,29090,Thailand,United States
2019-04-01,0,Thailand,Viet Nam
2019-05-01,497307258,Thailand,United Arab Emirates
2019-05-01,681000,Thailand,Albania
2019-05-01,54276125,Thailand,Angola
2019-05-01,46014247,Thailand,Austria
2019-05-01,41981661,Thailand,Australia
2019-05-01,21897481,Thailand,Belgium
2019-05-01,0,Thailand,Benin
2019-05-01,303087,Thailand,Canada
2019-05-01,331016,Thailand,Congo
2019-05-01,0,Thailand,Switzerland
2019-05-01,48218,Thailand,Côte d'Ivoire
2019-05-01,2291500,Thailand,Cameroon
2019-05-01,7540,Thailand,Germany
2019-05-01,260000,Thailand,Spain
2019-05-01,46000,Thailand,France
2019-05-01,87500,Thailand,United Kingdom
2019-05-01,458496,Thailand,Ghana
2019-05-01,2043,Thailand,Hong Kong
2019-05-01,235815,Thailand,Lao People's Democratic Republic
2019-05-01,0,Thailand,Myanmar
2019-05-01,20,Thailand,Maldives
2019-05-01,0,Thailand,Netherlands
2019-05-01,0,Thailand,New Zealand
2019-05-01,991000,Thailand,Papua New Guinea
2019-05-01,0,Thailand,Russian Federation
2019-05-01,23600,Thailand,Singapore
2019-05-01,0,Thailand,United States
2019-05-01,32340,Thailand,Viet Nam
2019-06-01,462197667,Thailand,United Arab Emirates
2019-06-01,52000,Thailand,Albania
2019-06-01,47051348,Thailand,Angola
2019-06-01,21231789,Thailand,Austria
2019-06-01,27927777,Thailand,Australia
2019-06-01,14238530,Thailand,Belgium
2019-06-01,400000,Thailand,Benin
2019-06-01,169958,Thailand,Canada
2019-06-01,290877,Thailand,Congo
2019-06-01,1200,Thailand,Switzerland
2019-06-01,14304,Thailand,Côte d'Ivoire
2019-06-01,2482828,Thailand,Cameroon
2019-06-01,121200,Thailand,Germany
2019-06-01,0,Thailand,Spain
2019-06-01,276493,Thailand,United Kingdom
2019-06-01,362811,Thailand,Ghana
2019-06-01,9900,Thailand,Hong Kong
2019-06-01,241635,Thailand,Lao People's Democratic Republic
2019-06-01,30000,Thailand,Myanmar
2019-06-01,0,Thailand,Maldives
2019-06-01,17360,Thailand,Netherlands
2019-06-01,23000,Thailand,New Zealand
2019-06-01,944000,Thailand,Papua New Guinea
2019-06-01,0,Thailand,Russian Federation
2019-06-01,41604,Thailand,United States
2019-06-01,32340,Thailand,Viet Nam
2019-07-01,420815158,Thailand,United Arab Emirates
2019-07-01,162990,Thailand,Albania
2019-07-01,65977188,Thailand,Angola
2019-07-01,19996424,Thailand,Austria
2019-07-01,23682906,Thailand,Australia
2019-07-01,8799342,Thailand,Belgium
2019-07-01,6,Thailand,Benin
2019-07-01,875561,Thailand,Canada
2019-07-01,66900,Thailand,Switzerland
2019-07-01,3000,Thailand,Côte d'Ivoire
2019-07-01,7225000,Thailand,Cameroon
2019-07-01,20,Thailand,Germany
2019-07-01,0,Thailand,Spain
2019-07-01,159740,Thailand,United Kingdom
2019-07-01,484496,Thailand,Ghana
2019-07-01,10400,Thailand,Hong Kong
2019-07-01,301230,Thailand,Lao People's Democratic Republic
2019-07-01,0,Thailand,Myanmar
2019-07-01,0,Thailand,Maldives
2019-07-01,46000,Thailand,Netherlands
2019-07-01,0,Thailand,New Zealand
2019-07-01,606000,Thailand,Papua New Guinea
2019-07-01,55150,Thailand,Philippines
2019-07-01,500000,Thailand,Russian Federation
2019-07-01,115929,Thailand,United States
2019-07-01,31360,Thailand,Viet Nam
2019-08-01,354349324,Thailand,United Arab Emirates
2019-08-01,354996,Thailand,Albania
2019-08-01,25299161,Thailand,Angola
2019-08-01,20214793,Thailand,Austria
2019-08-01,37312145,Thailand,Australia
2019-08-01,5507400,Thailand,Belgium
2019-08-01,431350,Thailand,Benin
2019-08-01,776152,Thailand,Canada
2019-08-01,4800,Thailand,Switzerland
2019-08-01,18993,Thailand,Côte d'Ivoire
2019-08-01,1953222,Thailand,Cameroon
2019-08-01,24,Thailand,Germany
2019-08-01,0,Thailand,Spain
2019-08-01,369500,Thailand,United Kingdom
2019-08-01,506185,Thailand,Ghana
2019-08-01,9142,Thailand,Hong Kong
2019-08-01,191565,Thailand,Lao People's Democratic Republic
2019-08-01,0,Thailand,Myanmar
2019-08-01,0,Thailand,Maldives
2019-08-01,82000,Thailand,Netherlands
2019-08-01,23000,Thailand,New Zealand
2019-08-01,713000,Thailand,Papua New Guinea
2019-08-01,0,Thailand,Philippines
2019-08-01,0,Thailand,Russian Federation
2019-08-01,307729,Thailand,United States
2019-08-01,32340,Thailand,Viet Nam
2019-09-01,457399344,Thailand,United Arab Emirates
2019-09-01,192000,Thailand,Albania
2019-09-01,49815679,Thailand,Angola
2019-09-01,30788845,Thailand,Austria
2019-09-01,23809047,Thailand,Australia
2019-09-01,3357730,Thailand,Belgium
2019-09-01,0,Thailand,Benin
2019-09-01,1187840,Thailand,Canada
2019-09-01,7500000,Thailand,"Congo, The Democratic Republic of the"
2019-09-01,28644,Thailand,Switzerland
2019-09-01,17200,Thailand,Côte d'Ivoire
2019-09-01,2894900,Thailand,Cameroon
2019-09-01,87555,Thailand,Germany
2019-09-01,0,Thailand,Spain
2019-09-01,272993,Thailand,United Kingdom
2019-09-01,13688,Thailand,Hong Kong
2019-09-01,105843,Thailand,Lao People's Democratic Republic
2019-09-01,0,Thailand,Myanmar
2019-09-01,41600,Thailand,Netherlands
2019-09-01,0,Thailand,New Zealand
2019-09-01,1089000,Thailand,Papua New Guinea
2019-09-01,0,Thailand,Philippines
2019-09-01,0,Thailand,Russian Federation
2019-09-01,20929,Thailand,United States
2019-09-01,0,Thailand,Viet Nam
2019-10-01,480622186,Thailand,United Arab Emirates
2019-10-01,179837,Thailand,Albania
2019-10-01,60191012,Thailand,Angola
2019-10-01,10461035,Thailand,Austria
2019-10-01,48261399,Thailand,Australia
2019-10-01,2288050,Thailand,Belgium
2019-10-01,260000,Thailand,Benin
2019-10-01,1204787,Thailand,Canada
2019-10-01,380986,Thailand,"Congo, The Democratic Republic of the"
2019-10-01,51180,Thailand,Switzerland
2019-10-01,118744,Thailand,Côte d'Ivoire
2019-10-01,1823000,Thailand,Cameroon
2019-10-01,34949,Thailand,Germany
2019-10-01,0,Thailand,Spain
2019-10-01,183493,Thailand,United Kingdom
2019-10-01,118664,Thailand,Hong Kong
2019-10-01,85487,Thailand,Lao People's Democratic Republic
2019-10-01,0,Thailand,Myanmar
2019-10-01,40600,Thailand,Netherlands
2019-10-01,27950,Thailand,New Zealand
2019-10-01,564000,Thailand,Papua New Guinea
2019-10-01,0,Thailand,Philippines
2019-10-01,0,Thailand,Russian Federation
2019-10-01,20929,Thailand,United States
2019-10-01,0,Thailand,Viet Nam
2019-11-01,474175642,Thailand,United Arab Emirates
2019-11-01,132996,Thailand,Albania
2019-11-01,35249442,Thailand,Angola
2019-11-01,14652732,Thailand,Austria
2019-11-01,30838896,Thailand,Australia
2019-11-01,11703070,Thailand,Belgium
2019-11-01,520000,Thailand,Benin
2019-11-01,4219882,Thailand,Canada
2019-11-01,964538,Thailand,"Congo, The Democratic Republic of the"
2019-11-01,0,Thailand,Switzerland
2019-11-01,351070,Thailand,Côte d'Ivoire
2019-11-01,2922000,Thailand,Cameroon
2019-11-01,0,Thailand,Germany
2019-11-01,600,Thailand,Spain
2019-11-01,414400,Thailand,United Kingdom
2019-11-01,6544,Thailand,Hong Kong
2019-11-01,225495,Thailand,Lao People's Democratic Republic
2019-11-01,0,Thailand,Myanmar
2019-11-01,40410,Thailand,Netherlands
2019-11-01,0,Thailand,New Zealand
2019-11-01,1259000,Thailand,Papua New Guinea
2019-11-01,0,Thailand,Philippines
2019-11-01,0,Thailand,United States
2019-11-01,15680,Thailand,Viet Nam
2019-12-01,380456208,Thailand,United Arab Emirates
2019-12-01,112040,Thailand,Albania
2019-12-01,29143949,Thailand,Angola
2019-12-01,15943184,Thailand,Austria
2019-12-01,16718370,Thailand,Australia
2019-12-01,9372860,Thailand,Belgium
2019-12-01,379940,Thailand,Benin
2019-12-01,1481320,Thailand,Canada
2019-12-01,0,Thailand,"Congo, The Democratic Republic of the"
2019-12-01,0,Thailand,Switzerland
2019-12-01,2164000,Thailand,Cameroon
2019-12-01,43370,Thailand,Germany
2019-12-01,7004550,Thailand,Spain
2019-12-01,337182,Thailand,United Kingdom
2019-12-01,30247,Thailand,Hong Kong
2019-12-01,308450,Thailand,Lao People's Democratic Republic
2019-12-01,0,Thailand,Myanmar
2019-12-01,38000,Thailand,Netherlands
2019-12-01,0,Thailand,New Zealand
2019-12-01,909000,Thailand,Papua New Guinea
2019-12-01,0,Thailand,Philippines
2019-12-01,360,Thailand,United States
2019-12-01,60760,Thailand,Viet Nam
2020-01-01,449265444,Thailand,United Arab Emirates
2020-01-01,1600199,Thailand,Australia
2020-01-01,5157000,Thailand,Belgium
2020-01-01,87036524,Thailand,Benin
2020-01-01,155288,Thailand,Canada
2020-01-01,92188,Thailand,Switzerland
2020-01-01,31275,Thailand,Chile
2020-01-01,3091580,Thailand,China
2020-01-01,795233,Thailand,Germany
2020-01-01,1708600,Thailand,France
2020-01-01,123038,Thailand,United Kingdom
2020-01-01,451076,Thailand,Hong Kong
2020-01-01,17280,Thailand,Lao People's Democratic Republic
2020-01-01,52440,Thailand,Netherlands
2020-01-01,14000,Thailand,New Zealand
2020-01-01,712000,Thailand,Papua New Guinea
2020-01-01,14600,Thailand,Singapore
2020-01-01,0,Thailand,United States
2020-02-01,346329573,Thailand,United Arab Emirates
2020-02-01,7980275,Thailand,Australia
2020-02-01,5733380,Thailand,Belgium
2020-02-01,31735033,Thailand,Benin
2020-02-01,3050072,Thailand,Canada
2020-02-01,364780,Thailand,Switzerland
2020-02-01,34740,Thailand,Chile
2020-02-01,1752300,Thailand,China
2020-02-01,53578,Thailand,Germany
2020-02-01,1701000,Thailand,France
2020-02-01,0,Thailand,United Kingdom
2020-02-01,103582,Thailand,Hong Kong
2020-02-01,46800,Thailand,Lao People's Democratic Republic
2020-02-01,21980,Thailand,Netherlands
2020-02-01,1218250,Thailand,Papua New Guinea
2020-02-01,0,Thailand,Singapore
2020-02-01,43513,Thailand,United States
2020-02-01,15190,Thailand,Viet Nam
2020-03-01,439409901,Thailand,United Arab Emirates
2020-03-01,1137000,Thailand,Albania
2020-03-01,5995388,Thailand,Australia
2020-03-01,12901500,Thailand,Belgium
2020-03-01,51834292,Thailand,Benin
2020-03-01,1686707,Thailand,Canada
2020-03-01,3074,Thailand,Congo
2020-03-01,371193,Thailand,Switzerland
2020-03-01,1699000,Thailand,China
2020-03-01,104133,Thailand,Germany
2020-03-01,1141600,Thailand,Egypt
2020-03-01,2527728,Thailand,France
2020-03-01,20000,Thailand,United Kingdom
2020-03-01,73310,Thailand,Hong Kong
2020-03-01,55180,Thailand,Netherlands
2020-03-01,23000,Thailand,New Zealand
2020-03-01,1038000,Thailand,Papua New Guinea
2020-03-01,7000,Thailand,Singapore
2020-03-01,473161,Thailand,United States
2020-03-01,0,Thailand,Viet Nam
2020-04-01,546595725,Thailand,United Arab Emirates
2020-04-01,944988,Thailand,Albania
2020-04-01,10346752,Thailand,Australia
2020-04-01,12798760,Thailand,Belgium
2020-04-01,68047418,Thailand,Benin
2020-04-01,285737,Thailand,Canada
2020-04-01,4018,Thailand,Congo
2020-04-01,105288,Thailand,Switzerland
2020-04-01,2300600,Thailand,China
2020-04-01,183745,Thailand,Germany
2020-04-01,1219917,Thailand,France
2020-04-01,7796,Thailand,United Kingdom
2020-04-01,1498,Thailand,Hong Kong
2020-04-01,65400,Thailand,Netherlands
2020-04-01,0,Thailand,New Zealand
2020-04-01,782000,Thailand,Papua New Guinea
2020-04-01,3000,Thailand,Singapore
2020-04-01,19367,Thailand,United States
2020-04-01,15680,Thailand,Viet Nam
2020-04-01,150000,Thailand,South Africa
2020-05-01,421021569,Thailand,United Arab Emirates
2020-05-01,27994,Thailand,Albania
2020-05-01,11207696,Thailand,Australia
2020-05-01,12774115,Thailand,Belgium
2020-05-01,13117992,Thailand,Benin
2020-05-01,229098,Thailand,Canada
2020-05-01,3939,Thailand,Congo
2020-05-01,28053,Thailand,Switzerland
2020-05-01,2064520,Thailand,China
2020-05-01,3360,Thailand,Cyprus
2020-05-01,108081,Thailand,Germany
2020-05-01,1941914,Thailand,France
2020-05-01,25000,Thailand,United Kingdom
2020-05-01,480,Thailand,Hong Kong
2020-05-01,46000,Thailand,New Zealand
2020-05-01,912000,Thailand,Papua New Guinea
2020-05-01,0,Thailand,Singapore
2020-05-01,118634,Thailand,United States
2020-05-01,0,Thailand,Viet Nam
2020-05-01,150000,Thailand,South Africa
2020-06-01,302481568,Thailand,United Arab Emirates
2020-06-01,0,Thailand,Albania
2020-06-01,4780092,Thailand,Australia
2020-06-01,12493322,Thailand,Belgium
2020-06-01,21061470,Thailand,Benin
2020-06-01,124392,Thailand,Canada
2020-06-01,7007,Thailand,Switzerland
2020-06-01,1201200,Thailand,China
2020-06-01,0,Thailand,Cyprus
2020-06-01,121380,Thailand,Germany
2020-06-01,1075782,Thailand,France
2020-06-01,9000,Thailand,United Kingdom
2020-06-01,0,Thailand,Hong Kong
2020-06-01,0,Thailand,New Zealand
2020-06-01,540000,Thailand,Papua New Guinea
2020-06-01,0,Thailand,Singapore
2020-06-01,38000,Thailand,United States
2020-06-01,0,Thailand,Viet Nam
2020-06-01,150000,Thailand,South Africa
2020-07-01,350524311,Thailand,United Arab Emirates
2020-07-01,63000,Thailand,Albania
2020-07-01,2966038,Thailand,Australia
2020-07-01,7844814,Thailand,Belgium
2020-07-01,43414280,Thailand,Benin
2020-07-01,214197,Thailand,Canada
2020-07-01,17670,Thailand,Switzerland
2020-07-01,1524620,Thailand,China
2020-07-01,1500,Thailand,Cyprus
2020-07-01,110243,Thailand,Germany
2020-07-01,1518000,Thailand,France
2020-07-01,4992,Thailand,United Kingdom
2020-07-01,4788,Thailand,Hong Kong
2020-07-01,0,Thailand,New Zealand
2020-07-01,936000,Thailand,Papua New Guinea
2020-07-01,0,Thailand,Singapore
2020-07-01,76000,Thailand,United States
2020-07-01,30380,Thailand,Viet Nam
2020-07-01,200000,Thailand,South Africa
2020-08-01,309239485,Thailand,United Arab Emirates
2020-08-01,5865000,Thailand,Albania
2020-08-01,3948765,Thailand,Australia
2020-08-01,2696750,Thailand,Belgium
2020-08-01,38165011,Thailand,Benin
2020-08-01,109715,Thailand,Canada
2020-08-01,0,Thailand,Switzerland
2020-08-01,1455000,Thailand,China
2020-08-01,480,Thailand,Cyprus
2020-08-01,201630,Thailand,Germany
2020-08-01,1640400,Thailand,France
2020-08-01,0,Thailand,United Kingdom
2020-08-01,0,Thailand,Hong Kong
2020-08-01,0,Thailand,New Zealand
2020-08-01,956000,Thailand,Papua New Guinea
2020-08-01,0,Thailand,Singapore
2020-08-01,19342,Thailand,United States
2020-08-01,60760,Thailand,Viet Nam
2020-08-01,200000,Thailand,South Africa
2020-09-01,332205631,Thailand,United Arab Emirates
2020-09-01,1114993,Thailand,Albania
2020-09-01,39112115,Thailand,Australia
2020-09-01,6250300,Thailand,Belgium
2020-09-01,7751108,Thailand,Benin
2020-09-01,233557,Thailand,Canada
2020-09-01,0,Thailand,Switzerland
2020-09-01,1000600,Thailand,China
2020-09-01,20,Thailand,Cyprus
2020-09-01,92920,Thailand,Germany
2020-09-01,1561000,Thailand,France
2020-09-01,5000,Thailand,United Kingdom
2020-09-01,0,Thailand,Hong Kong
2020-09-01,3090,Thailand,Morocco
2020-09-01,0,Thailand,New Zealand
2020-09-01,707000,Thailand,Papua New Guinea
2020-09-01,1250,Thailand,Singapore
2020-09-01,19000,Thailand,United States
2020-09-01,0,Thailand,Viet Nam
2020-09-01,200000,Thailand,South Africa
2020-10-01,398083222,Thailand,United Arab Emirates
2020-10-01,1372000,Thailand,Albania
2020-10-01,8919540,Thailand,Angola
2020-10-01,5658523,Thailand,Australia
2020-10-01,22894330,Thailand,Belgium
2020-10-01,2677236,Thailand,Benin
2020-10-01,151880,Thailand,Canada
2020-10-01,0,Thailand,Switzerland
2020-10-01,1851440,Thailand,China
2020-10-01,0,Thailand,Cyprus
2020-10-01,1310225,Thailand,Germany
2020-10-01,1400000,Thailand,France
2020-10-01,20300,Thailand,United Kingdom
2020-10-01,556000,Thailand,Georgia
2020-10-01,0,Thailand,Hong Kong
2020-10-01,0,Thailand,Morocco
2020-10-01,30000,Thailand,Myanmar
2020-10-01,0,Thailand,New Zealand
2020-10-01,0,Thailand,Singapore
2020-10-01,19000,Thailand,United States
2020-10-01,0,Thailand,Viet Nam
2020-10-01,200000,Thailand,South Africa
2020-11-01,629962241,Thailand,United Arab Emirates
2020-11-01,333000,Thailand,Albania
2020-11-01,17593155,Thailand,Angola
2020-11-01,23043527,Thailand,Australia
2020-11-01,30471260,Thailand,Belgium
2020-11-01,7695888,Thailand,Benin
2020-11-01,222593,Thailand,Canada
2020-11-01,2988,Thailand,Switzerland
2020-11-01,9657305,Thailand,China
2020-11-01,1200,Thailand,Cyprus
2020-11-01,28206,Thailand,Germany
2020-11-01,1694000,Thailand,France
2020-11-01,14140,Thailand,United Kingdom
2020-11-01,862000,Thailand,Georgia
2020-11-01,0,Thailand,Ghana
2020-11-01,4788,Thailand,Hong Kong
2020-11-01,102000,Thailand,Lao People's Democratic Republic
2020-11-01,0,Thailand,Morocco
2020-11-01,0,Thailand,New Zealand
2020-11-01,0,Thailand,Singapore
2020-11-01,0,Thailand,United States
2020-11-01,91140,Thailand,Viet Nam
2020-11-01,0,Thailand,South Africa
2020-12-01,437706823,Thailand,United Arab Emirates
2020-12-01,98356,Thailand,Albania
2020-12-01,330720,Thailand,Angola
2020-12-01,21000,Thailand,Austria
2020-12-01,19438617,Thailand,Australia
2020-12-01,8552260,Thailand,Belgium
2020-12-01,6093640,Thailand,Benin
2020-12-01,316892,Thailand,Canada
2020-12-01,0,Thailand,Switzerland
2020-12-01,5304630,Thailand,China
2020-12-01,0,Thailand,Cyprus
2020-12-01,35200,Thailand,Germany
2020-12-01,1240000,Thailand,France
2020-12-01,39448,Thailand,United Kingdom
2020-12-01,503500,Thailand,Georgia
2020-12-01,0,Thailand,Ghana
2020-12-01,0,Thailand,Hong Kong
2020-12-01,0,Thailand,Lao People's Democratic Republic
2020-12-01,0,Thailand,New Zealand
2020-12-01,0,Thailand,Singapore
2020-12-01,0,Thailand,United States
2020-12-01,197630,Thailand,Viet Nam
2020-12-01,225000,Thailand,South Africa
2021-01-01,303899543,Thailand,United Arab Emirates
2021-01-01,836185,Thailand,Austria
2021-01-01,107445529,Thailand,Australia
2021-01-01,2390114,Thailand,Belgium
2021-01-01,11200000,Thailand,Benin
2021-01-01,632239,Thailand,Canada
2021-01-01,10896303,Thailand,Congo
2021-01-01,45078,Thailand,Chile
2021-01-01,7128445,Thailand,China
2021-01-01,26610,Thailand,Germany
2021-01-01,550200,Thailand,Fiji
2021-01-01,1477795,Thailand,United Kingdom
2021-01-01,44916,Thailand,Guam
2021-01-01,1222430,Thailand,Hong Kong
2021-01-01,16146,Thailand,Israel
2021-01-01,2040,Thailand,Italy
2021-01-01,1,Thailand,"Korea, Republic of"
2021-01-01,2589355,Thailand,Lao People's Democratic Republic
2021-01-01,2,Thailand,Lebanon
2021-01-01,1135000,Thailand,Papua New Guinea
2021-01-01,20400,Thailand,Singapore
2021-01-01,317650,Thailand,Viet Nam
2021-01-01,200000,Thailand,South Africa
2021-02-01,299668279,Thailand,United Arab Emirates
2021-02-01,1374985,Thailand,Austria
2021-02-01,51735659,Thailand,Australia
2021-02-01,13191234,Thailand,Belgium
2021-02-01,41297611,Thailand,Benin
2021-02-01,14265772,Thailand,Canada
2021-02-01,197571,Thailand,Switzerland
2021-02-01,2003700,Thailand,China
2021-02-01,50837,Thailand,United Kingdom
2021-02-01,715502,Thailand,Hong Kong
2021-02-01,2,Thailand,Indonesia
2021-02-01,0,Thailand,Italy
2021-02-01,0,Thailand,"Korea, Republic of"
2021-02-01,2683590,Thailand,Lao People's Democratic Republic
2021-02-01,24500,Thailand,New Caledonia
2021-02-01,517000,Thailand,Papua New Guinea
2021-02-01,31200,Thailand,Singapore
2021-02-01,188,Thailand,United States
2021-02-01,0,Thailand,Viet Nam
2021-02-01,200000,Thailand,South Africa
2021-03-01,224739296,Thailand,United Arab Emirates
2021-03-01,1298964,Thailand,Austria
2021-03-01,38375565,Thailand,Australia
2021-03-01,19211053,Thailand,Belgium
2021-03-01,24966436,Thailand,Benin
2021-03-01,6698690,Thailand,Canada
2021-03-01,364610,Thailand,Switzerland
2021-03-01,1007801,Thailand,Cameroon
2021-03-01,2320000,Thailand,China
2021-03-01,23917,Thailand,Germany
2021-03-01,9520,Thailand,United Kingdom
2021-03-01,1292998,Thailand,Hong Kong
2021-03-01,216000,Thailand,Italy
2021-03-01,0,Thailand,"Korea, Republic of"
2021-03-01,2456555,Thailand,Lao People's Democratic Republic
2021-03-01,645000,Thailand,Papua New Guinea
2021-03-01,40061,Thailand,Singapore
2021-03-01,80000,Thailand,United States
2021-03-01,0,Thailand,Viet Nam
2021-03-01,0,Thailand,South Africa
2021-04-01,188582188,Thailand,United Arab Emirates
2021-04-01,1761094,Thailand,Austria
2021-04-01,110932000,Thailand,Australia
2021-04-01,14103064,Thailand,Belgium
2021-04-01,2257684,Thailand,Benin
2021-04-01,4507979,Thailand,Canada
2021-04-01,118290,Thailand,Switzerland
2021-04-01,0,Thailand,Cameroon
2021-04-01,760000,Thailand,China
2021-04-01,75800,Thailand,Germany
2021-04-01,5000,Thailand,United Kingdom
2021-04-01,1175461,Thailand,Hong Kong
2021-04-01,0,Thailand,Italy
2021-04-01,19000,Thailand,"Korea, Republic of"
2021-04-01,1862400,Thailand,Lao People's Democratic Republic
2021-04-01,677000,Thailand,Papua New Guinea
2021-04-01,120,Thailand,Singapore
2021-04-01,0,Thailand,United States
2021-04-01,0,Thailand,Viet Nam
2021-04-01,200000,Thailand,South Africa
2021-05-01,225215087,Thailand,United Arab Emirates
2021-05-01,1551189,Thailand,Austria
2021-05-01,65551062,Thailand,Australia
2021-05-01,12046320,Thailand,Belgium
2021-05-01,594449,Thailand,Benin
2021-05-01,9481563,Thailand,Canada
2021-05-01,267960,Thailand,Switzerland
2021-05-01,260000,Thailand,Cameroon
2021-05-01,506060,Thailand,China
2021-05-01,6480,Thailand,Germany
2021-05-01,1837500,Thailand,France
2021-05-01,258552,Thailand,Gabon
2021-05-01,3960,Thailand,United Kingdom
2021-05-01,778988,Thailand,Hong Kong
2021-05-01,10500,Thailand,Italy
2021-05-01,1000,Thailand,"Korea, Republic of"
2021-05-01,40245,Thailand,Lao People's Democratic Republic
2021-05-01,22000,Thailand,Netherlands
2021-05-01,647000,Thailand,Papua New Guinea
2021-05-01,0,Thailand,Singapore
2021-05-01,0,Thailand,United States
2021-05-01,0,Thailand,Viet Nam
2021-05-01,200000,Thailand,South Africa
2021-06-01,269597189,Thailand,United Arab Emirates
2021-06-01,68044011,Thailand,Angola
2021-06-01,1109995,Thailand,Austria
2021-06-01,23360342,Thailand,Australia
2021-06-01,8758920,Thailand,Belgium
2021-06-01,788112,Thailand,Benin
2021-06-01,11750341,Thailand,Canada
2021-06-01,5910,Thailand,Switzerland
2021-06-01,490601,Thailand,Cameroon
2021-06-01,1473000,Thailand,China
2021-06-01,115740,Thailand,Germany
2021-06-01,1927000,Thailand,France
2021-06-01,0,Thailand,Gabon
2021-06-01,62033,Thailand,United Kingdom
2021-06-01,676249,Thailand,Hong Kong
2021-06-01,0,Thailand,Italy
2021-06-01,0,Thailand,"Korea, Republic of"
2021-06-01,252595,Thailand,Lao People's Democratic Republic
2021-06-01,0,Thailand,Netherlands
2021-06-01,923000,Thailand,Papua New Guinea
2021-06-01,0,Thailand,Singapore
2021-06-01,0,Thailand,United States
2021-06-01,0,Thailand,Viet Nam
2021-06-01,0,Thailand,South Africa
2021-07-01,338224371,Thailand,United Arab Emirates
2021-07-01,18051704,Thailand,Armenia
2021-07-01,1570475,Thailand,Austria
2021-07-01,9888697,Thailand,Australia
2021-07-01,3391396,Thailand,Belgium
2021-07-01,17775592,Thailand,Benin
2021-07-01,8126197,Thailand,Canada
2021-07-01,2055,Thailand,Switzerland
2021-07-01,3,Thailand,Cameroon
2021-07-01,2161080,Thailand,China
2021-07-01,90000,Thailand,Germany
2021-07-01,1773000,Thailand,France
2021-07-01,630000,Thailand,Gabon
2021-07-01,93610,Thailand,United Kingdom
2021-07-01,962787,Thailand,Hong Kong
2021-07-01,0,Thailand,Italy
2021-07-01,15549000,Thailand,"Korea, Republic of"
2021-07-01,335180,Thailand,Lao People's Democratic Republic
2021-07-01,22000,Thailand,Netherlands
2021-07-01,733000,Thailand,Papua New Guinea
2021-07-01,0,Thailand,Singapore
2021-07-01,0,Thailand,United States
2021-07-01,0,Thailand,Viet Nam
2021-07-01,200000,Thailand,South Africa
2021-08-01,493117170,Thailand,United Arab Emirates
2021-08-01,26759312,Thailand,Armenia
2021-08-01,745566,Thailand,Austria
2021-08-01,14154278,Thailand,Australia
2021-08-01,14851688,Thailand,Belgium
2021-08-01,7808854,Thailand,Benin
2021-08-01,25348182,Thailand,Canada
2021-08-01,1370,Thailand,Switzerland
2021-08-01,0,Thailand,Cameroon
2021-08-01,1963500,Thailand,China
2021-08-01,1344330,Thailand,Germany
2021-08-01,1183180,Thailand,France
2021-08-01,1818552,Thailand,Gabon
2021-08-01,109210,Thailand,United Kingdom
2021-08-01,989437,Thailand,Hong Kong
2021-08-01,0,Thailand,Italy
2021-08-01,0,Thailand,"Korea, Republic of"
2021-08-01,259390,Thailand,Lao People's Democratic Republic
2021-08-01,0,Thailand,Netherlands
2021-08-01,303000,Thailand,New Zealand
2021-08-01,0,Thailand,Singapore
2021-08-01,735,Thailand,United States
2021-08-01,0,Thailand,Viet Nam
2021-08-01,959000,Thailand,South Africa
2021-09-01,487907558,Thailand,United Arab Emirates
2021-09-01,59428756,Thailand,Armenia
2021-09-01,727588,Thailand,Austria
2021-09-01,23130098,Thailand,Australia
2021-09-01,22319214,Thailand,Belgium
2021-09-01,12922926,Thailand,Benin
2021-09-01,21280061,Thailand,Canada
2021-09-01,22381,Thailand,Switzerland
2021-09-01,0,Thailand,Cameroon
2021-09-01,4415960,Thailand,China
2021-09-01,150810,Thailand,Germany
2021-09-01,1913800,Thailand,France
2021-09-01,1560000,Thailand,Gabon
2021-09-01,49600,Thailand,United Kingdom
2021-09-01,608797,Thailand,Hong Kong
2021-09-01,0,Thailand,Italy
2021-09-01,0,Thailand,"Korea, Republic of"
2021-09-01,785745,Thailand,Lao People's Democratic Republic
2021-09-01,0,Thailand,Netherlands
2021-09-01,932000,Thailand,New Zealand
2021-09-01,0,Thailand,Singapore
2021-09-01,0,Thailand,United States
2021-09-01,0,Thailand,Viet Nam
2021-09-01,250000,Thailand,South Africa
2021-10-01,558924127,Thailand,United Arab Emirates
2021-10-01,72526497,Thailand,Armenia
2021-10-01,20209740,Thailand,Angola
2021-10-01,1115994,Thailand,Austria
2021-10-01,19173894,Thailand,Australia
2021-10-01,21138540,Thailand,Belgium
2021-10-01,59587194,Thailand,Benin
2021-10-01,13420430,Thailand,Canada
2021-10-01,68150,Thailand,Switzerland
2021-10-01,0,Thailand,Cameroon
2021-10-01,1365075,Thailand,China
2021-10-01,345215,Thailand,Germany
2021-10-01,906000,Thailand,France
2021-10-01,3120000,Thailand,Gabon
2021-10-01,54162,Thailand,United Kingdom
2021-10-01,628766,Thailand,Hong Kong
2021-10-01,0,Thailand,Italy
2021-10-01,0,Thailand,"Korea, Republic of"
2021-10-01,120000,Thailand,Lao People's Democratic Republic
2021-10-01,0,Thailand,Netherlands
2021-10-01,293000,Thailand,New Zealand
2021-10-01,0,Thailand,Singapore
2021-10-01,0,Thailand,United States
2021-10-01,0,Thailand,Viet Nam
2021-10-01,850000,Thailand,South Africa
2021-11-01,622191498,Thailand,United Arab Emirates
2021-11-01,77976349,Thailand,Armenia
2021-11-01,410028,Thailand,Angola
2021-11-01,1241998,Thailand,Austria
2021-11-01,30049546,Thailand,Australia
2021-11-01,17552760,Thailand,Belgium
2021-11-01,5376369,Thailand,Benin
2021-11-01,13607906,Thailand,Canada
2021-11-01,8340000,Thailand,Congo
2021-11-01,92000,Thailand,Switzerland
2021-11-01,0,Thailand,Cameroon
2021-11-01,3416965,Thailand,China
2021-11-01,633166,Thailand,Germany
2021-11-01,45151,Thailand,France
2021-11-01,104845,Thailand,United Kingdom
2021-11-01,420775,Thailand,Hong Kong
2021-11-01,0,Thailand,Italy
2021-11-01,0,Thailand,"Korea, Republic of"
2021-11-01,60000,Thailand,Lao People's Democratic Republic
2021-11-01,0,Thailand,Netherlands
2021-11-01,308000,Thailand,New Zealand
2021-11-01,0,Thailand,Singapore
2021-11-01,0,Thailand,United States
2021-11-01,0,Thailand,Viet Nam
2021-11-01,1002000,Thailand,South Africa
2021-12-01,733995305,Thailand,United Arab Emirates
2021-12-01,471440,Thailand,Angola
2021-12-01,1348511,Thailand,Austria
2021-12-01,55739871,Thailand,Australia
2021-12-01,9043756,Thailand,Belgium
2021-12-01,31235074,Thailand,Benin
2021-12-01,861045,Thailand,Canada
2021-12-01,3903088,Thailand,Congo
2021-12-01,7980,Thailand,Switzerland
2021-12-01,144000,Thailand,Cameroon
2021-12-01,2653100,Thailand,China
2021-12-01,618861,Thailand,Germany
2021-12-01,30,Thailand,France
2021-12-01,49085,Thailand,United Kingdom
2021-12-01,9990002,Thailand,Hong Kong
2021-12-01,10000,Thailand,Italy
2021-12-01,0,Thailand,"Korea, Republic of"
2021-12-01,110000,Thailand,Lao People's Democratic Republic
2021-12-01,0,Thailand,Netherlands
2021-12-01,670000,Thailand,New Zealand
2021-12-01,0,Thailand,Singapore
2021-12-01,0,Thailand,United States
2021-12-01,18945,Thailand,Viet Nam
2021-12-01,0,Thailand,South Africa
2022-01-01,312156248,Thailand,United Arab Emirates
2022-01-01,100811088,Thailand,Armenia
2022-01-01,6484133,Thailand,Angola
2022-01-01,921992,Thailand,Austria
2022-01-01,4568619,Thailand,Australia
2022-01-01,3825996,Thailand,Belgium
2022-01-01,3355024,Thailand,Benin
2022-01-01,5147969,Thailand,Canada
2022-01-01,46000,Thailand,Switzerland
2022-01-01,972000,Thailand,Cameroon
2022-01-01,3841684,Thailand,China
2022-01-01,40589,Thailand,Colombia
2022-01-01,66569,Thailand,Estonia
2022-01-01,4392188,Thailand,Gabon
2022-01-01,349385,Thailand,United Kingdom
2022-01-01,10269775,Thailand,Hong Kong
2022-01-01,24000,Thailand,Israel
2022-01-01,345356,Thailand,Italy
2022-01-01,406810,Thailand,Lao People's Democratic Republic
2022-01-01,1000,Thailand,New Zealand
2022-01-01,1189067,Thailand,Papua New Guinea
2022-01-01,151500,Thailand,Singapore
2022-01-01,3000,Thailand,Trinidad and Tobago
2022-01-01,382261,Thailand,United States
2022-02-01,491359426,Thailand,United Arab Emirates
2022-02-01,4006000,Thailand,Albania
2022-02-01,37742116,Thailand,Angola
2022-02-01,1729623,Thailand,Austria
2022-02-01,6281604,Thailand,Australia
2022-02-01,5720310,Thailand,Belgium
2022-02-01,233940,Thailand,Bahrain
2022-02-01,11628068,Thailand,Benin
2022-02-01,58999183,Thailand,Canada
2022-02-01,46000,Thailand,Switzerland
2022-02-01,377800,Thailand,Côte d'Ivoire
2022-02-01,350490,Thailand,China
2022-02-01,56434,Thailand,Colombia
2022-02-01,80666,Thailand,Estonia
2022-02-01,24002,Thailand,Spain
2022-02-01,73252,Thailand,Finland
2022-02-01,195420,Thailand,France
2022-02-01,1563088,Thailand,Gabon
2022-02-01,133233,Thailand,United Kingdom
2022-02-01,1744286,Thailand,Ghana
2022-02-01,2000,Thailand,Greece
2022-02-01,8466466,Thailand,Hong Kong
2022-02-01,13350,Thailand,Italy
2022-02-01,500,Thailand,Japan
2022-02-01,3438000,Thailand,"Korea, Republic of"
2022-02-01,213020,Thailand,Lao People's Democratic Republic
2022-02-01,1415560,Thailand,Papua New Guinea
2022-02-01,25400,Thailand,Singapore
2022-02-01,5,Thailand,United States
2022-03-01,542086283,Thailand,United Arab Emirates
2022-03-01,16808000,Thailand,Albania
2022-03-01,21557088,Thailand,Angola
2022-03-01,1826503,Thailand,Austria
2022-03-01,6051669,Thailand,Australia
2022-03-01,2884340,Thailand,Belgium
2022-03-01,31034080,Thailand,Benin
2022-03-01,11622508,Thailand,Canada
2022-03-01,392320,Thailand,Switzerland
2022-03-01,1027518,Thailand,Côte d'Ivoire
2022-03-01,2420000,Thailand,China
2022-03-01,45988,Thailand,Colombia
2022-03-01,80211,Thailand,Germany
2022-03-01,35120,Thailand,Estonia
2022-03-01,250,Thailand,Spain
2022-03-01,1077691,Thailand,France
2022-03-01,0,Thailand,Gabon
2022-03-01,78889,Thailand,United Kingdom
2022-03-01,0,Thailand,Greece
2022-03-01,25366,Thailand,Hong Kong
2022-03-01,2137003,Thailand,"Korea, Republic of"
2022-03-01,261560,Thailand,Lao People's Democratic Republic
2022-03-01,5756068,Thailand,Papua New Guinea
2022-03-01,400000,Thailand,United States
2022-04-01,436330824,Thailand,United Arab Emirates
2022-04-01,10217000,Thailand,Albania
2022-04-01,42094392,Thailand,Angola
2022-04-01,2043710,Thailand,Austria
2022-04-01,8876853,Thailand,Australia
2022-04-01,20353948,Thailand,Bangladesh
2022-04-01,9701860,Thailand,Belgium
2022-04-01,2645034,Thailand,Benin
2022-04-01,12016917,Thailand,Canada
2022-04-01,20840,Thailand,Switzerland
2022-04-01,0,Thailand,Côte d'Ivoire
2022-04-01,0,Thailand,China
2022-04-01,42238,Thailand,Colombia
2022-04-01,69348,Thailand,Germany
2022-04-01,1001203,Thailand,Spain
2022-04-01,485628,Thailand,France
2022-04-01,0,Thailand,Gabon
2022-04-01,162007,Thailand,United Kingdom
2022-04-01,0,Thailand,Greece
2022-04-01,29260,Thailand,Hong Kong
2022-04-01,20000,Thailand,"Korea, Republic of"
2022-04-01,536900,Thailand,Lao People's Democratic Republic
2022-04-01,1587850,Thailand,Papua New Guinea
2022-04-01,400000,Thailand,United States
2022-05-01,333082611,Thailand,United Arab Emirates
2022-05-01,1442000,Thailand,Albania
2022-05-01,24276064,Thailand,Angola
2022-05-01,1313961,Thailand,Austria
2022-05-01,5835211,Thailand,Australia
2022-05-01,38997177,Thailand,Bangladesh
2022-05-01,19175280,Thailand,Belgium
2022-05-01,8180257,Thailand,Burkina Faso
2022-05-01,9762456,Thailand,Canada
2022-05-01,138470,Thailand,Switzerland
2022-05-01,100000,Thailand,Côte d'Ivoire
2022-05-01,2060000,Thailand,China
2022-05-01,34225,Thailand,Colombia
2022-05-01,0,Thailand,Germany
2022-05-01,0,Thailand,Spain
2022-05-01,697391,Thailand,France
2022-05-01,263088,Thailand,Gabon
2022-05-01,41498,Thailand,United Kingdom
2022-05-01,144000,Thailand,Ghana
2022-05-01,0,Thailand,Greece
2022-05-01,17680,Thailand,Hong Kong
2022-05-01,96000,Thailand,Italy
2022-05-01,0,Thailand,"Korea, Republic of"
2022-05-01,4259389,Thailand,Papua New Guinea
2022-05-01,1056190,Thailand,United States
2022-06-01,641373646,Thailand,United Arab Emirates
2022-06-01,9950000,Thailand,Albania
2022-06-01,36293390,Thailand,Angola
2022-06-01,1639056,Thailand,Austria
2022-06-01,7565816,Thailand,Australia
2022-06-01,22647979,Thailand,Bangladesh
2022-06-01,34636899,Thailand,Belgium
2022-06-01,520000,Thailand,Benin
2022-06-01,5618015,Thailand,Canada
2022-06-01,162690,Thailand,Congo
2022-06-01,263080,Thailand,Switzerland
2022-06-01,58000,Thailand,Côte d'Ivoire
2022-06-01,1020000,Thailand,China
2022-06-01,51324,Thailand,Colombia
2022-06-01,57400,Thailand,Germany
2022-06-01,125004,Thailand,Spain
2022-06-01,273315,Thailand,France
2022-06-01,263088,Thailand,Gabon
2022-06-01,157709,Thailand,United Kingdom
2022-06-01,144000,Thailand,Ghana
2022-06-01,18680,Thailand,Hong Kong
2022-06-01,0,Thailand,Italy
2022-06-01,0,Thailand,"Korea, Republic of"
2022-06-01,1213800,Thailand,Papua New Guinea
2022-06-01,414,Thailand,Sweden
2022-06-01,78002,Thailand,United States
2022-07-01,460057739,Thailand,United Arab Emirates
2022-07-01,15723500,Thailand,Albania
2022-07-01,27714888,Thailand,Angola
2022-07-01,1217433,Thailand,Austria
2022-07-01,5090191,Thailand,Australia
2022-07-01,27584128,Thailand,Bangladesh
2022-07-01,22208490,Thailand,Belgium
2022-07-01,0,Thailand,Benin
2022-07-01,11875259,Thailand,Canada
2022-07-01,216645,Thailand,Congo
2022-07-01,271480,Thailand,Switzerland
2022-07-01,2500000,Thailand,China
2022-07-01,14518,Thailand,Colombia
2022-07-01,473000,Thailand,Germany
2022-07-01,251,Thailand,Spain
2022-07-01,490575,Thailand,France
2022-07-01,394632,Thailand,Gabon
2022-07-01,75493,Thailand,United Kingdom
2022-07-01,0,Thailand,Ghana
2022-07-01,59973,Thailand,Hong Kong
2022-07-01,0,Thailand,Italy
2022-07-01,19000,Thailand,"Korea, Republic of"
2022-07-01,1041297,Thailand,Sri Lanka
2022-07-01,1071000,Thailand,Papua New Guinea
2022-07-01,0,Thailand,Sweden
2022-07-01,78000,Thailand,United States
2022-08-01,563997481,Thailand,United Arab Emirates
2022-08-01,29298000,Thailand,Albania
2022-08-01,20176505,Thailand,Angola
2022-08-01,2015827,Thailand,Austria
2022-08-01,6780069,Thailand,Australia
2022-08-01,5283429,Thailand,Bangladesh
2022-08-01,24707687,Thailand,Belgium
2022-08-01,25401560,Thailand,Benin
2022-08-01,852224,Thailand,Canada
2022-08-01,24000,Thailand,Congo
2022-08-01,113420,Thailand,Switzerland
2022-08-01,1813600,Thailand,China
2022-08-01,32509,Thailand,Colombia
2022-08-01,64566,Thailand,Germany
2022-08-01,4831115,Thailand,Egypt
2022-08-01,624260,Thailand,France
2022-08-01,0,Thailand,Gabon
2022-08-01,227343,Thailand,United Kingdom
2022-08-01,0,Thailand,Ghana
2022-08-01,17417,Thailand,Hong Kong
2022-08-01,2,Thailand,Italy
2022-08-01,0,Thailand,"Korea, Republic of"
2022-08-01,769000,Thailand,Papua New Guinea
2022-08-01,0,Thailand,Sweden
2022-08-01,87501,Thailand,United States
2022-09-01,454410117,Thailand,United Arab Emirates
2022-09-01,53709000,Thailand,Albania
2022-09-01,39404703,Thailand,Angola
2022-09-01,428774,Thailand,Argentina
2022-09-01,1108405,Thailand,Austria
2022-09-01,7245856,Thailand,Australia
2022-09-01,1967,Thailand,Bangladesh
2022-09-01,28220255,Thailand,Belgium
2022-09-01,29183795,Thailand,Benin
2022-09-01,1112772,Thailand,Canada
2022-09-01,139266,Thailand,Congo
2022-09-01,1370,Thailand,Switzerland
2022-09-01,1780000,Thailand,China
2022-09-01,16287,Thailand,Colombia
2022-09-01,185440,Thailand,Germany
2022-09-01,965568,Thailand,Egypt
2022-09-01,382660,Thailand,France
2022-09-01,394632,Thailand,Gabon
2022-09-01,38900,Thailand,United Kingdom
2022-09-01,0,Thailand,Ghana
2022-09-01,180720,Thailand,Hong Kong
2022-09-01,0,Thailand,Italy
2022-09-01,14025001,Thailand,"Korea, Republic of"
2022-09-01,934250,Thailand,Lao People's Democratic Republic
2022-09-01,763000,Thailand,Papua New Guinea
2022-09-01,0,Thailand,Sweden
2022-09-01,98000,Thailand,United States
2022-09-01,2000000,Thailand,South Africa
